Date Time,,,,Event
01/07/2016 19:01,UK,1),,"Jonathan Hill meets with Jon Cunliffe, Deputy Governor BOE"
01/08/2016,UK,2),,United Kingdom Sovereign Debt to Be Rated by DBRS
01/12/2016 09:15,UK,3),,Mark Carney speaks in Paris
01/12/2016 11:00,UK,4),,"Cameron Questioned by Commons Panel on Syria, Climate Change"
01/14/2016 05:30,UK,5),,Andrew Bailey Speaks on Green Finance at Mansion House
01/14/2016 06:00,UK,6),,BOE's Andrew Bailey speaks in London
01/18/2016 13:30,UK,7),,Bank of England Official Gertjan Vlieghe Speaks in London
01/19/2016 07:00,UK,8),,Bank of England Governor Mark Carney Speaks in London
01/25/2016 01/26,UK,9),,Middle East & North Africa Energy Conference Held in London
01/26/2016 05:00,UK,10),,Bank of England Stability Officials including Carney Speak
01/26/2016 08:00,UK,11),,BOE's Kristin Forbes speaks at Henry Jackson Society in London
01/27/2016 04:25,UK,12),,BOE's Andrew Bailey speaks in Dublin
01/27/2016 11:30,UK,13),,BOE's Minouche Shafik speaks in London
01/31/2016,UK,14),,U.K. PM Cameron Meets With EU President Tusk
02/04/2016 07:30,UK,15),,Bank of England Inflation Report Press Conference
02/05/2016 06:30,EC,16),,SSM Chair Daniele Nouy Speaks in London
02/09/2016 04:30,UK,17),,BOE's Cunliffe Speaks at Conference in London
02/11/2016 06:30,UK,18),,"BOE Deputy Governors Cunliffe, Bailey Speak in London"
02/16/2016 09:30,UK,19),,BOE's Alex Brazier speaks in London
02/18/2016 03:55,UK,20),,BOE's Jon Cunliffe speaks on panel at conference in Brussels
02/22/2016 10:30,UK,21),,Prime Minister Cameron Addresses Parliament
02/23/2016 05:00,UK,22),,"BOE's Carney, Shafik, Vlieghe and Weale testify to lawmakers"
02/23/2016 05:00,UK,23),,Bank of England Governor Mark Carney Testifies
02/23/2016 12:00,UK,24),,BOE's Haldane speaks in Nottingham
02/24/2016 13:10,UK,25),,BOE's Cunliffe speaks in London
03/02/2016 05:00,UK,26),,BOE's Broadbent Speaks in London
03/02/2016 09:00,UK,27),,BOE's Cunliffe Speaks at Lords Committee Hearing on Housing
03/03/2016 04:20,UK,28),,U.K. Officials Address British Chambers of Commerce
03/03/2016 12:45,UK,29),,"BOE's Haldane Speaks in Manchester, England"
03/07/2016 04:10,UK,30),,BOE's Andy Haldane Speaks at FinTech Conference in London
03/07/2016 15:00,UK,31),,BOE's Alex Brazier Speaks at a Conference in Washington
03/08/2016 04:15,UK,32),,"BOE's Carney, Cunliffe Speak on EU at Parliament Committee"
03/08/2016 12:00,UK,33),,"BOE's Martin Weale Delivers Speech in Nottingham, U.K."
03/09/2016 04:00,UK,34),,BOE's Andrew Bailey Speaks at Event in London
03/09/2016 09:15,UK,35),,BOE Financial Policy Committee Member Clara Furse Speaks
03/09/2016 10:15,UK,36),,BOE Financial Policy Committee Member Richard Sharp Speaks
03/13/2016 05:00,UK,37),,U.K.'s Osborne Interviewed on 'Andrew Marr Show' About Budget
03/15/2016 08:45,UK,38),,U.K. Home Secretary Leads Debate on Internet Surveillance
03/16/2016 08:30,UK,39),,U.K.'s Osborne Makes Budget Speech to Parliament
03/21/2016 05:30,EC,40),,ECB Vice President Constancio Speaks in London
03/21/2016 07:00,UK,41),,BOE's Kristin Forbes Speech Text Published
03/22/2016 09:30,UK,42),,"BOE's Kristin Forbes Speaks at RES Conference, Brighton"
03/23/2016 12:15,UK,43),,BOE Deputy Governor Andrew Bailey Speaks in London
03/29/2016 06:00,UK,44),,BOE's Financial Policy Committee Publishes Statement
03/31/2016 03:00,UK,45),,BOE Governor Mark Carney Speaks at FSB Briefing in Tokyo
04/04/2016 11:00,UK,46),,U.K. PRA's Moulder Speaks at Insurance Forum in London
04/05/2016 04:30,UK,47),,BOE's Financial Policy Committee Record of March 23 Meeting
04/11/2016 06:05,UK,48),,BOE Chief Cashier Cleland Speaks at Conference
04/12/2016 06:20,UK,49),,U.K. PRA's Moulder Speaks at Market Forum in London
04/14/2016 13:00,UK,50),,BOE Governor Carney Speaks at IMF Meeting on Climate Change
04/14/2016 16:00,UK,51),,BOE Deputy Governor Minouche Shafik Speaks at IMF Meeting
04/19/2016 10:35,UK,52),,BOE Governor Mark Carney Speaks in Parliament in London
04/20/2016 04:30,UK,53),,BOE's Hauser Speaks at Business Forum in London
04/20/2016 09:00,UK,54),,BOE's Ian McCafferty Speaks at the Bank of England
04/21/2016 10:00,UK,55),,"Carney Delivers Speech at United Nations, New York"
04/22/2016 11:05,UK,56),,Carney Announces Character for New 20-Pound Banknote
04/26/2016 13:00,UK,57),,BOE Deputy Governor Cunliffe Speaks in London
04/27/2016 03:00,UK,58),,BOE FPC Member Kohn Speaks in Frankfurt
04/28/2016 05:30,UK,59),,U.K. Chancellor Osborne Questioned by Parliament on Brexit
04/29/2016 03:30,UK,60),,BOE's Gracie Speaks at SRB Conference in Brussels
04/29/2016 08:00,UK,61),,BOE Deputy Governor Cunliffe Speaks at SRB Conference
04/29/2016,UK,62),,United Kingdom Sovereign Debt to Be Rated by S&P
05/04/2016 11:30,UK,63),,Parliament Questions Prime Minister David Cameron on Brexit
05/05/2016 09:00,JN,64),,Japanese Prime Minister Abe Gives Press Conference in London
05/05/2016,UK,65),,Elections to Scottish Parliament
05/05/2016,UK,66),,Elections to Welsh Assembly
05/11/2016 09:00,UK,67),,Osborne Questioned by Commons Treasury Panel on EU Report
05/11/2016 05/12,UK,68),,EBRD Annual Meeting
05/12/2016 07:30,UK,69),,Carney Holds Press Conference After Policy Meeting
05/12/2016,UK,70),,Cameron Hosts Anti-Corruption Summit in London
05/13/2016 05:00,UK,71),,BOE Chief Economy Andrew Haldane Speech Text Published
05/13/2016 08:30,UK,72),,BOE Policy Maker Martin Weale Speaks in Liverpool
05/18/2016 06:30,UK,73),,State Opening of Parliament and Queen's Speech
05/18/2016 15:30,UK,74),,BOE Chief Economist Andy Haldane Speaks in London
05/19/2016 13:00,UK,75),,BOE Policy Maker Gertjan Vlieghe Speaks in London
05/20/2016 05/21,GE,76),,"G-7 Finance Ministers, Central Bank Governors Meet in Japan"
05/24/2016 05:00,UK,77),,"BOE's Carney, Broadbent, Weale and Vlieghe in Parliament"
05/24/2016 05:00,UK,78),,BOE's Ben Broadbent Publishes MPC Annual Report
05/24/2016 09:00,UK,79),,"BOE's Taylor, Kohn, and Sharp Testify in Parliament"
05/25/2016 06:30,UK,80),,BOE FPC Member Martin Taylor Speaks in London
05/25/2016 06:30,UK,81),,ECB's Constancio Speaks at Workshop in London
05/26/2016 07:30,UK,82),,"BOE Publishes FPC Record, Systemic Risk Buffer Paper"
05/26/2016 09:00,AU,83),,"RBA's Debelle, Fed's Potter, BOE's Salmon on FX Code Launch"
06/02/2016 09:00,UK,84),,Carney Speaks at Event to Unveil New U.K. Five-Pound Note
06/03/2016 15:00,UK,85),,Gove Answers Questions on Sky News EU Referendum Program
06/07/2016 16:00,UK,86),,"Cameron, Farage Answer Questions on ITV EU Referendum Program"
06/07/2016 17:00,CA,87),,Bank of England Governor Carney Speaks at Alberta University
06/10/2016,UK,88),,United Kingdom Sovereign Debt to Be Rated by Fitch
06/12/2016 04:00,UK,89),,U.K. Prime Minister Cameron Goes on TV to Talk Brexit
06/14/2016 05:00,UK,90),,BOE Holds First Additional ITLR Operation Around EU Referendum
06/16/2016 16:00,UK,91),,"BOE's Carney, U.K.'s Osborne Speak at Mansion House Dinner"
06/19/2016 13:45,UK,92),,Cameron in BBC TV `Question Time' Program on EU Vote
06/20/2016 13:00,UK,93),,U.K. Labour Leader Corbyn Faces Brexit Questions on Sky News
06/21/2016 05:00,UK,94),,BOE Holds Second Additional ITLR Operation Around EU Vote
06/23/2016,UK,95),,U.K. Referendum on EU Membership
06/27/2016 13:30,EC,96),,ECB's Draghi at Forum in Portugal
06/28/2016 05:00,UK,97),,BOE Holds Third Additional ITLR Operation Around EU Referendum
06/30/2016 11:00,UK,98),,BOE Governor Carney Gives Speech in London
06/30/2016 15:15,US,99),,Fed's Bullard Speaks in London
07/05/2016 05:30,UK,100),,Carney Publishes BOE Financial Stability Report
07/05/2016 05:40,UK,101),,BOE Indexed Long-Term Repo Operation Results
07/05/2016 06:00,UK,102),,BOE Governor Mark Carney gives press conference in London
07/08/2016,UK,103),,United Kingdom Sovereign Debt to Be Rated by DBRS
07/08/2016 07/11,CH,104),,G-20 Trade Ministers Meet in Shanghai
07/11/2016 07/17,UK,105),,Farnborough International Airshow Features F-35
07/12/2016 04:30,UK,106),,BOE Publishes Record of FPC Meeting Held on June 28
07/12/2016 05:00,UK,107),,Carney Speaks on Financial Stability in Parliament in London
07/12/2016 05:40,UK,108),,BOE Indexed Long-Term Repo Operation Results
07/15/2016 05:30,UK,109),,BOE Chief Economist Andy Haldane Releases Speech Text
07/15/2016 08:00,CA,110),,BOE's Carney Speaks With Canadian McKenna on Climate Change
07/18/2016 04:15,UK,111),,BOE's Weale Speaks in London: Brexit Impact on Monetary Policy
07/19/2016 05:40,UK,112),,BOE Indexed Long-Term Repo Operation Results
07/19/2016 10:05,UK,113),,BOE Deputy Governor Ben Broadbent testifies on blockchain
07/21/2016 23:25,UK,114),,"China's Li, IMF's Lagarde, BOE's Carney Speak in Beijing"
07/26/2016 05:40,UK,115),,BOE Indexed Long-Term Repo Operation Results
07/29/2016,SP,116),,EBA Releases Stress Tests on EU Banks
08/02/2016 05:40,UK,117),,BOE Indexed Long-Term Repo Operation Results
08/04/2016 07:30,UK,118),,Bank of England Governor Mark Carney gives press conference
08/09/2016 05:40,UK,119),,BOE Indexed Long-Term Repo Operation Results
08/16/2016 05:40,UK,120),,BOE Indexed Long-Term Repo Operation Results
08/22/2016 09:50,UK,121),,Bank of England Bond Buying Operation
08/22/2016 09:50,UK,122),,Bank of England Bond-Buying Operation Results
08/23/2016 05:40,UK,123),,BOE Indexed Long-Term Repo Operation Results
08/26/2016 10:50,UK,124),,BOE's Shafik Speaks at Jackson Hole
08/30/2016 05:40,UK,125),,BOE Indexed Long-Term Repo Operation Results
09/03/2016 09/05,CH,126),,"G-20 Leaders Meet in Hangzhou, China"
09/05/2016 11:00,UK,127),,U.K. Lawmakers Debate Petition for Second EU Referendum
09/06/2016 05:40,UK,128),,BOE Indexed Long-Term Repo Operation Results
09/07/2016 07:45,FR,129),,EU Brexit Negotiator Michel Barnier Speaks in Brussels
09/07/2016 09:15,UK,130),,"BOE's Carney, Cunliffe, Forbes, Vlieghe Speak in London"
09/13/2016 05:40,UK,131),,BOE Indexed Long-Term Repo Operation Results
09/14/2016 06:50,CA,132),,Bank of Canada's Wilkins Lecture in London UK
09/14/2016 07:00,UK,133),,BOE's Haldane Chairs Seminar on Cricket and Finance
09/20/2016 05:40,UK,134),,BOE Indexed Long-Term Repo Operation Results
09/20/2016 09:10,UK,135),,BOE Executive Director Hauser Speaks in London
09/21/2016 04:15,UK,136),,BOE Executive Director for Insurance Rule speaks in Dublin
09/22/2016 08:00,UK,137),,BOE Policy Maker Forbes Speaks at Imperial College
09/22/2016 13:10,UK,138),,"BOE's Carney Speaks in Berlin, introduced by ECB's Weidmann"
09/26/2016 08:30,EC,139),,ECB Executive Board Adviser Angeloni Speaks in London
09/27/2016 05:40,UK,140),,BOE Indexed Long-Term Repo Operation Results
09/28/2016 04:05,UK,141),,BOE's Shafik speaks at Bloomberg Most Influential Conference
09/29/2016 10:00,UK,142),,BOE's Forbes on panel at conference in Frankfurt
10/04/2016 11:00,UK,143),,BOE Policy Maker Saunders Publishes Speech
10/05/2016 04:30,UK,144),,BOE Deputy Governor Ben Broadbent gives speech in London
10/05/2016 07:00,UK,145),,UK Prime Minister May Speaks at Conservative Party Conference
10/11/2016 05:00,UK,146),,BOE's Saunders Speaks at Parliamentary Hearing in London
10/11/2016 06:00,UK,147),,BOE's Kashyap Speaks at Parliamentary Hearing in London
10/12/2016 05:00,UK,148),,BOE Deputy Governor Cunliffe Speaks in Parliament in London
10/13/2016 19:01,UK,149),,BOE's Carney and Deputy Governors Speak at Future Forum
10/14/2016 07:45,UK,150),,BOE's Forbes Speaks at Conference in Warsaw
10/14/2016 09:30,UK,151),,BOE's Carney and Deputies Speak at a Series of Events
10/17/2016 10:45,UK,152),,BOE Deputy Governor Ben Broadbent Speaks in London
10/18/2016 10/19,UK,153),,Saudi Oil Minister to Attend Oil & Money Conference in London
10/19/2016 09:15,UK,154),,U.K. Chancellor Hammond Testifies to Treasury Committee
10/19/2016 13:00,UK,155),,BOE Chief Economist Andy Haldane Speaks in London
10/20/2016 09:00,UK,156),,BOE Deputy Governor Minouche Shafik Speaks in New York
10/23/2016 23:15,UK,157),,BOE Chief Economist Haldane Speaks at Conference in Hong Kong
10/25/2016 10:35,UK,158),,Carney Appears at House of Lords Economic Committee
10/28/2016 04:00,EC,159),,ECB Governing Council Member Lane Speaks in London
10/28/2016,UK,160),,United Kingdom Sovereign Debt to Be Rated by S&P
11/03/2016 08:30,UK,161),,Bank of England Governor Mark Carney Gives Press Conference
11/03/2016 16:55,UK,162),,BOE Deputy Governor Jon Cunliffe Speaks in London
11/04/2016 16:00,UK,163),,BOE Policy Maker Kristin Forbes Speaks in Washington
11/07/2016 10:30,UK,164),,U.K.'s Wright Delivers Statement on Brexit High Court Ruling
11/08/2016 12:00,UK,165),,Bank of England Chief Economist Andy Haldane Speaks in London
11/09/2016 13:00,UK,166),,Bank of England Chief Economist Andy Haldane Speaks in London
11/10/2016 12:00,UK,167),,"BOE Chief Economist Andy Haldane Speaks in Cambridge, England"
11/14/2016,UK,168),,U.K. Prime Minister Theresa May Speaks at Lord Mayor's Banquet
11/15/2016 05:00,UK,169),,"BOE's Carney, Shafik, Saunders at Treasury Committee Hearing"
11/15/2016 12:15,CA,170),,Canadian Finance Minister Bill Morneau Speaks at the LSE
11/16/2016 03:05,US,171),,St. Louis Fed's Bullard addresses UBS European Confere
11/16/2016 09:00,UK,172),,"BOE's Cunliffe Delivers Speech in Manchester, England"
11/17/2016 07:30,CA,173),,CMHC President Siddall Speaks in London
11/17/2016 11/19,GE,174),,"Valls, Sturgeon, Schaeuble at Economic Conference in Berlin"
11/17/2016 11/18,US,175),,President Obama Meets With Chancellor Merkel and Other Leaders
11/18/2016 04:10,UK,176),,BOE's Broadbent Speaks at Conference in London
11/21/2016 14:25,UK,177),,BOE Chief Economist Andy Haldane Speaks in London
11/23/2016 06:30,UK,178),,BOE Policy Maker Kristin Forbes Speaks in London
11/23/2016 07:30,UK,179),,U.K. Chancellor Hammond Makes Autumn Statement to Parliament
11/28/2016 11:00,UK,180),,Bank of England Policy Maker Gertjan Vlieghe Speaks
11/30/2016 02:00,UK,181),,Carney Publishes BOE Financial Stability Report
12/02/2016 07:40,UK,182),,BOE Chief Economist Andy Haldane Speaks in Middlesbrough
12/04/2016 04:00,UK,183),,UK Foreign Secretary Johnson to Be Interviewed on BBC and ITV
12/09/2016,UK,184),,United Kingdom Sovereign Debt to Be Rated by Fitch
12/12/2016 11:15,UK,185),,Hammond Questioned by U.K. Lawmakers on Autumn Statement
12/13/2016 03:30,UK,186),,Bloomberg Dec. United Kingdom Economic Survey (Table)
12/14/2016 07:15,UK,187),,Bank of England Governor Mark Carney Speaks in London
12/19/2016 10:30,UK,188),,U.K. Prime Minister May Talks to Parliament About EU Summit
12/20/2016 09:00,UK,189),,May Questioned by U.K. Parliament Panel on Brexit
01/05/2017 08:00,UK,190),,BOE Chief Economist Andy Haldane Speaks in London
01/08/2017 10:00,UK,191),,UK Prime Minister May Interviewed on Sky News
01/09/2017 10:30,UK,192),,UK's Labor Party Senior Minister to Speak With Lawmakers
01/10/2017 06:30,UK,193),,UK Foreign Secretary Johnson Faces Questions in Parliment
01/11/2017 09:15,UK,194),,BOE Governor Carney Testifies to Lawmakers
01/13/2017 04:30,UK,195),,Bank of England's Saunders Speaks in London
01/13/2017 01/18,US,196),,"Secretary Kerry Travels to Vietnam, France, U.K., Switzerland"
01/15/2017 04:00,UK,197),,Labour Party Leader Corbyn Interview on BBC Television
01/16/2017 13:30,UK,198),,Carney Speaks at London School of Economics
01/17/2017 03:30,UK,199),,Bloomberg Jan. United Kingdom Economic Survey (Table)
01/17/2017,UK,200),,U.K. Prime Minister May Speaks on Her Brexit Approach
01/17/2017 01/19,UK,201),,Secretary Boris Johnson Travels to India
01/24/2017 12:30,NE,202),,Dutch Finance Minister Dijsselbloem Speaks in Brussels
01/24/2017,UK,203),,U.K. Court will Rule on Brexit Legality Without Parliament Ok
01/25/2017 08:15,EC,204),,ECB's Weidmann Speaks in Wiesbaden at Digitizing Finance Conf.
01/25/2017 11:50,UK,205),,"BOE's Carney Speaks in Wiesbaden, Germany"
01/26/2017 04:30,UK,206),,U.K. Brexit Secretary Davis Takes Questions in Parliament
01/26/2017 09:00,UK,207),,Euro-Area Finance Ministers Meet to Discuss Greece’s Bailout
01/27/2017,UK,208),,United Kingdom Sovereign Debt to be rated by Moody's
02/02/2017 07:30,UK,209),,Carney Speaks at Inflation Report Press Conference
02/05/2017 02/06,UK,210),,U.K. Prime Minister May to Meet Israel's Netanyahu in London
02/06/2017 02/08,UK,211),,U.K. House of Commons Completes Debate on Article 50 Bill
02/07/2017 09:00,UK,212),,BOE's Forbes Releases Speech
02/08/2017 08:00,UK,213),,BOE Deputy Governor Jon Cunliffe speaks in Birmingham
02/09/2017 05:00,UK,214),,U.K. Trade Secretary Liam Fox is Questioned by Lawmakers
02/09/2017 13:30,UK,215),,BOE Governor Mark Carney Speaks in London
02/11/2017 06:30,US,216),,Fed's Fischer to Address Economics Conference in U.K.
02/13/2017 03:30,UK,217),,Bloomberg Feb. United Kingdom Economic Survey (Table)
02/21/2017 05:00,UK,218),,BOE Governor Mark Carney Speaks in U.K. Parliament
02/21/2017 05:00,UK,219),,BOE Chief Economist Andy Haldane Publishes Annual MPC Report
02/22/2017 06:00,UK,220),,BOE Deputy Governor Jon Cunliffe Speaks in London
02/22/2017 06:30,UK,221),,BOE Deputy Governor Shafik Answers Questions in Twitter Q&A
02/22/2017 15:00,UK,222),,BOE Deputy Governor Shafik Speaks in Oxford
02/23/2017 03:30,UK,223),,U.K.’s Statistics Office Announces Quarterly Immigration...
02/23/2017,UK,224),,U.K. Labour Party Defends 2 Commons Seats in By-Elections
02/27/2017 10:00,UK,225),,U.K. House of Lords Holds Detailed Review of Article 50 Bill
02/28/2017 04:15,UK,226),,BOE's Charlotte Hogg Speaks at Appointment Hearing in London
03/05/2017 04:00,UK,227),,U.K. Chancellor Hammond Interviewed on BBC
03/06/2017 04:30,UK,228),,BOE Chief Economist Andy Haldane Speaks in London
03/06/2017 06:30,UK,229),,BOE Deputy Governor Hogg Speaks in Lincoln
03/06/2017 09:50,UK,230),,Bank of England Bond Buying Operation
03/07/2017 09:50,UK,231),,Bank of England Bond Buying Operation
03/13/2017 04:30,UK,232),,"Economists See Slower Growth, Rising Inflation in U.K."
03/13/2017 10:50,UK,233),,Bank of England Bond Buying Operation (Reinvestment)
03/20/2017 14:30,UK,234),,BOE Chief Economist Andy Haldane Speaks in London
03/20/2017 16:00,UK,235),,Cameron Gives Speech on EU and Populism
03/20/2017,UK,236),,Sturgeon To Seek Scottish Parliament Permission for Referendum
03/21/2017 06:35,US,237),,"Fed's Dudley, BOE's Carney Speak at Bank Ethics London Event"
03/23/2017 05:00,UK,238),,BOE Deputy Governor Ben Broadbent Speaks in London
03/30/2017 03:30,UK,239),,"Hungary FM Szijjarto, UK Amabassador Speak at Brexit Event"
03/31/2017 17:00,UK,240),,BOE Publishes Text of Andy Haldane Speech in San Francisco
04/05/2017 08:30,UK,241),,BOE Policy Maker Gertjan Vlieghe Speaks in London
04/07/2017 05:00,UK,242),,BOE Governor Mark Carney Speaks in London
04/12/2017 04:30,UK,243),,BOE Governor Carney Speaks at Event in London
04/12/2017 04:30,UK,244),,"U.K.'s Hammond, BOE's Carney speak at FinTech Event in London"
04/18/2017 03:30,UK,245),,Economists See U.K. CPI Peaking Earlier Than Last Expected
04/20/2017 11:30,UK,246),,BOE's Carney Speaks at IIF in Washington
04/20/2017 12:30,UK,247),,"BOE's Carney Speaks at Bank of France Event, Washington"
04/21/2017 07:45,UK,248),,BOE's Michael Saunders Speaks at Event in London
04/28/2017,UK,249),,United Kingdom Sovereign Debt to be rated by S&P
04/30/2017 04:00,UK,250),,Prime Minister May is Interviewed on BBC and ITV
05/05/2017,UK,251),,United Kingdom Sovereign Debt to be rated by Fitch
05/11/2017 07:30,UK,252),,BOE's Carney Speaks in London
05/14/2017 04:00,UK,253),,Scottish First Minister Nicola Sturgeon Interviewed
05/15/2017 10:00,UK,254),,U.K. Prime Minister Theresa May to Answer Questions
05/17/2017 19:35,UK,255),,Former UK Prime Minister David Cameron to Speak at Conference
05/18/2017 03:30,UK,256),,"Economists Raise U.K. CPI Forecasts Again, See Peak This Year"
05/22/2017 14:00,UK,257),,U.K. Prime Minister Theresa May Interviewed on BBC
05/29/2017 15:30,UK,258),,UK’s May and Corbyn to be Interviewed
05/30/2017 14:00,UK,259),,UK's Corbyn to be Interviewed
06/02/2017,UK,260),,United Kingdom Sovereign Debt to be rated by Moody's
06/06/2017 14:30,UK,261),,Prime Minister May Interviewed By Etchingham
06/11/2017 06/12,IT,262),,G7 Environment Ministers Meet in Italy
06/13/2017 10:20,UK,263),,BOE's Victoria Cleland Speaks at Conference in London
06/16/2017,UK,264),,United Kingdom Sovereign Debt to be rated by DBRS
06/20/2017 03:30,UK,265),,U.K. Inflation Seen Peaking Higher as Unemployment Improves
06/20/2017 03:30,UK,266),,BOE's Carney speaks at Mansion House event in London
06/21/2017 07:00,UK,267),,BOE's Haldane Speaks in Yorkshire
06/22/2017 14:00,UK,268),,BOE's Forbes speaks in London
06/26/2017,UK,269),,Prime Minister May Outline Rights Proposal
06/27/2017 06:00,UK,270),,Carney Speaks at Financial Stability Report Press Conference
07/02/2017 21:00,US,271),,Former President Obama and Minister Cameron Address Conference
07/03/2017 04:30,US,272),,Fed's Bullard Speaks at BoE Conference in London
07/03/2017 08:00,UK,273),,BOE Governor Mark Carney Provides Update on FSB Work
07/04/2017 04:30,UK,274),,BOE Publishes FPC Record of Meeting Held on June 21
07/08/2017 05:45,UK,275),,"BOE Official Jon Cunliffe Speaks in Aix-en-Provence, France"
07/09/2017 07/10,AU,276),,Prime Minister May Host Prime Minister Turnbull
07/10/2017,UK,277),,Prime Minister May Presents the Repeal Bill to Parliament
07/11/2017 05:00,UK,278),,BOE's Andy Haldane speaks in London
07/11/2017 08:30,UK,279),,BOE's Ben Broadbent speaks in Aberdeen
07/17/2017,UK,280),,Brexit Negotiator Barnier Meets UK Counterpart Davis
07/18/2017 03:30,UK,281),,Economists Expect the BOE to Keep Rates on Hold Until Mid-2019
07/24/2017 12:00,UK,282),,"BOE's Brazier Speaks in Liverpool, England"
07/25/2017 13:00,UK,283),,BOE Chief Economist Haldane Speaks in London
08/03/2017 07:30,UK,284),,Carney Holds Inflation Report Press Conference
08/09/2017 04:30,UK,285),,BOE Publishes Agents' Report of Business Conditions
08/15/2017 03:30,UK,286),,Economists Lower U.K. Outlook as Consumer Spending Slows
08/30/2017 05:45,UK,287),,BOE's Charlotte Gerken speaks in Edinburgh
08/31/2017 03:25,UK,288),,"BOE's Michael Saunders speaks in Cardiff, Wales"
09/04/2017 04:30,UK,289),,BOE's Kumhof Speaks in Vienna
09/12/2017 05:20,UK,290),,BOE Markets Director Salmon Speaks in Barcelona
09/15/2017 04:50,UK,291),,BOE's Vlieghe Speaks in London
09/18/2017 11:00,UK,292),,"BOE Governor Carney Speaks at IMF in Washington, DC"
09/18/2017,UK,293),,Prime Ministers May and Prime Minister Trudeau Meet in Ottawa
09/19/2017 03:30,UK,294),,"BOE to Keep Rates on Hold in Nov, Survey Sees Hike Early 2019"
09/19/2017 07:45,UK,295),,BOE Financial Policy Official Donald Kohn Speaks in Basel
09/22/2017,UK,296),,United Kingdom Sovereign Debt to be rated by Moody's
09/26/2017,UK,297),,Prime Minister May Meets EU President Tusk
09/28/2017 10:00,UK,298),,"Fed's Fischer Speaks at BOE Independence Conference, London"
09/28/2017 09/29,UK,299),,"Carney Speaks at BOE Independence Conference, London"
09/29/2017 04:45,UK,300),,"Bank of Israel's Flug Speaks at BOE Conference, London"
09/29/2017 04:45,UK,301),,"South Africa's Kganyago Speaks at BOE Conference, London"
09/29/2017 06:30,UK,302),,"IMF's Lagarde Speaks at BOE Conference, London"
09/29/2017 08:30,UK,303),,BOE's Broadbent Speaks at Conference in London
10/01/2017 04:30,UK,304),,BBC TV Interviews Prime Minister May
10/02/2017 06:15,UK,305),,Denmark's Rohde Speaks At A Conference
10/02/2017 09:00,UK,306),,ECB's Praet Speaks in London
10/03/2017 04:30,UK,307),,Record of the Financial Policy Committee's September meeting
10/05/2017 12:00,UK,308),,BOE's McCafferty Speaks in London
10/05/2017 13:30,UK,309),,BOE's Chief Economist Haldane Speaks in London
10/06/2017 08:00,UK,310),,BOE's Chief Economist Haldane Speaks at Event in London
10/11/2017 04:45,UK,311),,Hammond Questioned by Commons Treasury Committee
10/12/2017 15:45,UK,312),,BOE Chief Economist Haldane Speaks in Washington
10/13/2017 14:10,UK,313),,BOE's Saporta Speaks in Washington
10/14/2017,US,314),,"Mohamed El-Erian, Jes Staley Speak at Final Day of IIF Meeting"
10/16/2017 12:00,UK,315),,U.K. Chancellor of the Exchequer Hammond Speaks in New York
10/17/2017 03:30,UK,316),,U.K. Economic Forecasts: Bloomberg Monthly Survey (Table)
10/17/2017 04:15,UK,317),,"BOE's Carney, Ramsden, and Tenreyro Appear Before Treasury"
10/17/2017 06:15,UK,318),,BOE Governor Carney Testifies to Lawmakers
10/17/2017 09:30,UK,319),,BOE's Brazier Speaks in Lisbon
10/23/2017 10:30,UK,320),,Prime Minister May Addresses Parliament On Brexit Progress
10/24/2017 06:30,UK,321),,U.K's Hammond Answers Questions in Parliament
10/25/2017 04:15,EC,322),,Brexit Secretary Davis to Appear Before U.K. Lawmakers
10/27/2017,UK,323),,United Kingdom Sovereign Debt to be rated by S&P
10/27/2017,UK,324),,United Kingdom Sovereign Debt to be rated by Fitch
10/31/2017 12:05,UK,325),,U.K. Brexit Secretary Davis Question By House of Lords
11/01/2017 06:00,UK,326),,Bank of England's Jon Cunliffe Speaks at House of Lords
11/02/2017 08:30,UK,327),,Carney Speaks at BOE Inflation Report Press Conference
11/06/2017 12:15,UK,328),,Prime Minister May Discusses Sexual Harassment in Politics
11/06/2017,UK,329),,Labour Party Leader Corbyn Speaks at Annual Conference
11/07/2017 13:30,UK,330),,Bank of England's Taylor Speaks in London
11/08/2017 06:50,UK,331),,Bank of England's Kohn Speaks in London
11/09/2017 03:15,UK,332),,Bank of England's Salmon Speaks in Singapore
11/09/2017,EC,333),,Brexit Negotiations Continues in Brussels
11/13/2017,UK,334),,Prime Minister May Expected to Speak at Banquet
11/14/2017 05:00,EC,335),,"Draghi, Yellen, Carney, Kuroda Speak in Frankfurt"
11/14/2017 10:30,UK,336),,FPC's Kohn speaks on panel in Frankfurt
11/14/2017 12:30,UK,337),,BOE's Cunliffe speaks in Oxford
11/14/2017 11/15,UK,338),,European Union Withdrawal Bill Examination Begins
11/15/2017 03:00,UK,339),,ECB's Hansson Participates in Panel Discussion in London
11/15/2017 08:00,UK,340),,BOE's Broadbent speaks at LSE
11/16/2017 09:00,UK,341),,"BOE's Carney, Broadbent, Cunliffe, Place, Ramsden, Woods Speak"
11/20/2017 13:30,UK,342),,BOE's Dave Ramsden speaks in London
11/21/2017 05:00,UK,343),,"Testimony from BOE's Cunliffe, McCafferty, Saunders, Vlieghe."
11/27/2017 09:30,UK,344),,"BOE's Haldane Speaks in Birmingham, England"
11/28/2017 02:30,UK,345),,Carney Speaks at Publication of Financial Stability Review
11/29/2017 09:00,UK,346),,BOE's Carney Speaks at FMSB Event in London
11/29/2017 09:45,UK,347),,BOE's Ramsden Speaks at FMSB Event in London
11/30/2017 13:10,UK,348),,BOE Financial Policy Committee's Sharp Speaks in London
12/06/2017 04:15,UK,349),,UK Brexit Secretary Davis Addresses Brexit Parliamentary...
12/14/2017 12/16,CH,350),,"China, U.K. Hold Economic and Financial Dialogue in Beijing"
12/15/2017 08:15,UK,351),,"BOE's Haldane speaks in Palermo, Italy"
12/15/2017,UK,352),,United Kingdom Sovereign Debt to be rated by DBRS
12/20/2017 08:15,UK,353),,Carney Speaks at Parliament Hearing in London
01/15/2018 13:15,UK,354),,BOE's Tenreyro Speaks on Productivity at Event in London
01/16/2018 04:15,UK,355),,"Woods, Boss and Yallop testify on PRA before U.K. lawmakers."
01/17/2018 06:45,UK,356),,BOE's Saunders Speaks at Event in London
01/25/2018,EC,357),,EU Commission Holds Seminar to Discuss Future Brexit Ties
01/26/2018 09:00,UK,358),,BOE Governor Mark Carney Speaks on a Panel at Davos
01/30/2018 10:30,UK,359),,Bank of England Governor Carney Speaks Before Lawmakers
02/01/2018 12:30,UK,360),,BOE's Brazier Speaks in London
02/08/2018 07:30,UK,361),,Carney Speaks at BOE Inflation Report Press Conference
02/09/2018 11:45,UK,362),,BOE's Cunliffe Speaks in California
02/12/2018 04:30,UK,363),,BOE's Vlieghe Speaks at Resolution Foundation Event in London
02/12/2018 11:30,UK,364),,BOE Policy Maker Ian McCafferty Speaks on LBC Radio
02/19/2018 13:45,UK,365),,BOE's Carney Speaks at Event in London
02/21/2018 09:15,UK,366),,"BOE's Carney, Broadbent, Haldane and Tenreyro Speak in London"
02/23/2018 07:00,UK,367),,BOE's Ramsden Speaks on Productivity in Cambridge
02/26/2018 13:00,UK,368),,BOE's Cunliffe Speaks at Event at Warwick University
02/27/2018 04:00,UK,369),,BOE's Sam Woods speaks in London
03/02/2018 05:00,UK,370),,Carney Speaks on Money at Event in London
03/02/2018,UK,371),,U.K. Prime Minister May Speeks on Britain and EU Post Brexit
03/06/2018 13:15,UK,372),,BOE's Haldane Speaks at Event in London
03/13/2018 08:30,UK,373),,Hammond Delivers Spring Statement
03/22/2018 13:00,UK,374),,BOE's Ramsden speaks in London.
03/23/2018 08:30,UK,375),,BOE's Vlieghe speaks in Birmingham.
03/26/2018 04:30,UK,376),,Record of Financial Policy Committee's March Meeting.
04/06/2018 11:15,UK,377),,BOE Governor Carney Speaks at Climate Conference in Amsterdam
04/10/2018 05:30,UK,378),,BOE's Haldane Speaks in Melbourne
04/12/2018 02:30,UK,379),,BOE's Broadbent Speaks in Sydney
04/12/2018 15:00,CA,380),,Mark Carney speaks at Canada Growth Summit in Toronto
04/18/2018 09:15,UK,381),,"BOE FPC's Brazier, Kohn and Taylor Testify to Lawmakers"
04/19/2018 06:10,UK,382),,BOE FPC's Brazier speaks in London
04/19/2018 12:30,UK,383),,BOE's Cunliffe speaks in Washington.
04/20/2018 05:30,UK,384),,BOE's Saunders speaks in Glasgow.
04/24/2018 03:00,UK,385),,BOE's Woods Speaks at Breakfast Briefing
04/24/2018 04:20,UK,386),,BOE's Andrew Hauser speaks on panel in London
04/24/2018 06:35,UK,387),,BOE Chief Cashier Cleland Moderates Panel on Cash
04/24/2018 09:10,UK,388),,BOE's Woods Speaks on Global Regulation in London
04/26/2018 04:30,UK,389),,BOE's Alex Brazier Speaks in London
04/27/2018 10:00,UK,390),,BOE's Carney Speaks in London
04/27/2018 10:15,UK,391),,BOE's Andy Haldane Chairs Panel in London
04/27/2018,UK,392),,United Kingdom Sovereign Debt to be rated by S&P
04/27/2018,UK,393),,United Kingdom Sovereign Debt to be rated by Fitch
04/30/2018 05:00,UK,394),,BOE Publishes Remarks From April 19 Haldane Speech
05/02/2018 05/04,EC,395),,"EU, U.K. Negotiators Begin Next Round of Brexit Talks"
05/10/2018 07:30,UK,396),,BOE Governor Mark Carney Holds Press Conference in London
05/14/2018 07:45,EC,397),,ECB's Praet Speaks in London
05/14/2018 12:15,EC,398),,ECB's Praet Speaks in London
05/16/2018 04:10,UK,399),,BOE's John Speaks on Benchmark Reform in Liverpool
05/17/2018 12:00,UK,400),,BOE Chief Economist Haldane Speaks in London
05/22/2018 04:15,UK,401),,BOE's Vlieghe Speaks at Parliament Reappointment Hearing
05/22/2018 04:15,UK,402),,"BOE's Carney, Ramsden, Saunders, Vlieghe Speak in London"
05/24/2018 03:00,UK,403),,"Carney, Dudley Speak at BOE Markets Forum in London"
05/24/2018 13:00,UK,404),,BOE's Carney Speaks at Event in London
05/25/2018 12:30,PO,405),,EU's Barnier Speaks at Debate on Brexit in Lisbon
05/31/2018 06/02,CA,406),,G-7 Finance Ministers and Central Bankers Meet in Whistler
06/04/2018 13:00,UK,407),,"BOE's Tenreyro Speaks at University of Surrey, England"
06/05/2018 06:00,UK,408),,"BOE's Cunliffe Speaks at Derivatives Conference, London"
06/06/2018 11:00,UK,409),,BOE's McCafferty Speaks on LBC Radio
06/07/2018 11:00,UK,410),,BOE's Ramsden Speaks at Conference in London
06/13/2018 13:15,UK,411),,Bank of England's Anil Kashyap Speaks in London
06/15/2018,UK,412),,United Kingdom Sovereign Debt to Be Rated by Moody's
06/21/2018 16:15,UK,413),,BOE Governor Mark Carney Delivers Mansion House Speech
06/26/2018 05:00,UK,414),,"Haskel, Fried Speak at BOE Appointment Hearings in London"
06/26/2018 05:30,UK,415),,BOE's McCafferty Speaks in London
06/27/2018 05:30,UK,416),,BOE's Carney Speaks About Financial Stability Report
06/28/2018 04:30,UK,417),,BOE publishes Agents Summary of Business Conditions
06/28/2018 06:00,UK,418),,BOE's Bailey Speaks on the Future of Payments in London
06/28/2018 09:30,UK,419),,BOE Chief Economist Andy Haldane Speaks in London
07/04/2018 04:05,UK,420),,BOE's Woods Speaks in London
07/04/2018 06:55,UK,421),,BOE's Saporta Speaks in London
07/05/2018 06:00,UK,422),,BOE Governor Carney Speaks in Newcastle
07/09/2018 03:50,UK,423),,BOE's Broadbent Speaks at Conference in London
07/10/2018 05:25,UK,424),,BOE Fintech Hub Head Cordelia Kafetz Speaks in London
07/13/2018 07:30,UK,425),,Bank of England Deputy Governor Jon Cunliffe Speaks in Kendal
07/17/2018 04:00,UK,426),,"BOE's Carney, Cunliffe, Stheeman Speak on Financial Stability"
07/21/2018 07/22,AR,427),,"G-20 Finance Ministers, Central Bankers Meet in Buenos Aires"
07/23/2018 13:00,UK,428),,BOE's Broadbent Speaks in London
07/27/2018 07/29,AR,429),,G-20 Agricultural Ministers Meet in Buenos Aires
08/02/2018 07:30,UK,430),,BOE's Carney speaks at press conference in London
08/07/2018 11:00,UK,431),,BOE's McCafferty Speaks on Radio Phone-In
09/04/2018 08:15,UK,432),,"BOE's Carney, Haldane and Tenreyro Speak Before Lawmakers"
09/13/2018 07:00,UK,433),,BOE's Agents Summary of Business Conditions
09/14/2018 06:00,UK,434),,BOE's Carney speaks in Dublin
09/19/2018 04:00,UK,435),,BOE's Haldane Speaks in Estonia
09/25/2018 04:40,UK,436),,BOE's Vlieghe Speaks in London
09/27/2018 07:45,UK,437),,BOE's Haldane Speaks in London
09/27/2018 10:00,UK,438),,BOE's Carney Chairs Panel in Frankfurt
09/28/2018 09:20,UK,439),,BOE's Ramsden Speaks in London
10/01/2018 10:50,UK,440),,BOE's Tenreyro Chairs Panel in London.
10/02/2018 04:45,UK,441),,BOE Chief Economist Haldane Chairs Panel in London
10/02/2018 06:35,UK,442),,BOE's Haskel Chairs Panel in London
10/09/2018 04:30,UK,443),,FPC Statement From its Meeting on Oct. 3.
10/09/2018 10:35,UK,444),,BOE's Broadbent Testifies to Parliament
10/10/2018 05:10,UK,445),,BOE's Haldane speaks in London.
10/11/2018 05:00,UK,446),,"BOE's Carney, ECB's Villeroy on Green Finance Panel in Bali"
10/17/2018 04:30,UK,447),,BOE's FPC Publishes Record of Its Oct. 3 Meeting
10/17/2018 09:15,UK,448),,BOE's Cunliffe Speaks Before Lawmakers in London
10/17/2018 13:00,UK,449),,BOE's Broadbent Speaks in Washington
10/19/2018 12:10,UK,450),,BOE Governor Carney Speaks in New York
10/23/2018 06:30,UK,451),,BOE Chief Economist Haldane Speaks in Paris
10/23/2018 11:20,UK,452),,Carney Speaks at a Conference in Toronto
10/26/2018,UK,453),,United Kingdom Sovereign Debt to be rated by S&P
10/26/2018,UK,454),,United Kingdom Sovereign Debt to be rated by Fitch
10/29/2018 11:30,UK,455),,TOPLive: U.K.'s Hammond Presents Budget
11/01/2018 08:30,UK,456),,BOE's Carney speaks at press conference in London
11/09/2018 13:30,UK,457),,"BOE's Haldane Speaks at Event in Bristol, England"
11/13/2018 03:00,EC,458),,ECB's Praet Speaks in London
11/20/2018 05:00,UK,459),,"BOE's Carney, Haldane, Cunliffe and Saunders Testify in London"
11/21/2018 10:15,UK,460),,Bank of England Governor Carney Speaks on Sustainability
11/22/2018 15:55,UK,461),,BOE Policy Maker Saunders Speaks
11/26/2018 13:30,UK,462),,"BOE Governor Carney, former Fed Chairman Greenspan Speak"
11/28/2018 11:30,UK,463),,"BOE Publishes Brexit Analysis, Financial Stability Report"
11/28/2018 11:45,UK,464),,BOE's Carney Speaks at FSR Press Conference in London
12/03/2018 10:00,UK,465),,FCA Chief Executive Bailey Speaks in U.K. Parliament
12/04/2018 04:15,UK,466),,BOE Governor Carney Speaks at U.K. Parliament
12/04/2018 13:00,UK,467),,BOE's Vlieghe Speaks in Plymouth
12/06/2018 05:00,UK,468),,BOE's Ramsden Speaks in London
12/07/2018,UK,469),,United Kingdom Sovereign Debt to Be Rated by Moody's
12/12/2018 15:00,UK,470),,Confidence Vote in U.K. Prime Minister May
01/09/2019 10:30,UK,471),,BOE Governor Carney Participates in Online Q&A
01/16/2019 04:15,UK,472),,BOE Governor Carney Testifies on Financial Stability Report
01/23/2019 04:30,UK,473),,BOE's Broadbent Speaks in London
01/28/2019 09:30,UK,474),,"BOE's Carney, Broadbent, Ramsden and Place speak at event."
01/29/2019 04:15,UK,475),,BOE's Woods Speaks on Financial Regulation
02/07/2019 07:30,UK,476),,BOE's Carney speaks at press conference in London
02/12/2019 08:00,UK,477),,BOE Governor Carney Speaks in London
02/14/2019 04:30,UK,478),,BOE's Vlieghe Speaks on the Economic Outlook
02/26/2019 05:00,UK,479),,"BOE's Carney, Ramsden, Vlieghe, Haskel at Parliament Committee"
03/05/2019 10:35,UK,480),,BOE Governor Mark Carney Testifies to House of Lords
03/06/2019 07:15,UK,481),,BOE's Cunliffe speaks in London
03/06/2019 12:30,UK,482),,BOE's Saunders Speaks in London
03/07/2019 04:00,UK,483),,BOE's Tenreyro Speaks in Glasgow
03/11/2019 09:00,UK,484),,BOE's Haskel Speaks in Birmingham
03/21/2019 12:15,UK,485),,BOE's Carney Speaks in Brussels on Sustainable Finance
03/26/2019 07:00,UK,486),,BOE's Broadbent Speaks on Statistics in London
03/28/2019 09:30,UK,487),,"BOE's Carney Speaks at Investing Conference, London"
04/10/2019 11:05,UK,488),,BOE's Ramsden Speaks on Panel in Washington
04/10/2019 15:45,UK,489),,BOE's Carney Speaks on Panel in Washington
04/11/2019 12:30,UK,490),,BOE Governor Mark Carney appears on panel in Washington
04/11/2019 14:15,UK,491),,"BOE's Cunliffe, Norway's Jensen Speak on Panel in Washington"
04/12/2019 12:30,UK,492),,BOE Governor Mark Carney Appears on Panel at IMF
04/15/2019 12:00,UK,493),,BOE's Haskel Chairs a Panel at Event in Warwick
04/17/2019 09:00,UK,494),,"BOE's Carney, BOF's Villeroy de Galhau Speak in Paris"
04/23/2019 09:30,UK,495),,U.K. Parliament Returns From Easter Recess
04/26/2019,UK,496),,United Kingdom Sovereign Debt to be rated by S&P
04/26/2019,UK,497),,United Kingdom Sovereign Debt to be rated by Fitch
04/29/2019 04:10,UK,498),,Bank of England Governor Carney Speaks in London
04/30/2019 03:40,UK,499),,BOE Deputy Governor Ramsden Speaks in London
05/01/2019 04:30,EC,500),,ECB Vice President Guindos Speaks in London
05/02/2019 01:00,UK,501),,U.K. Local Elections
05/02/2019 07:30,UK,502),,BOE's Carney speaks at press conference in London
05/07/2019 05:20,UK,503),,BOE's Cunliffe speaks in London.
05/07/2019 12:30,UK,504),,BOE's Haldane speaks in Sheffield.
05/08/2019 04:15,UK,505),,BOE's Ramsden speaks in London.
05/16/2019 13:30,UK,506),,BOE's Jonathan Haskel speaks in York
05/17/2019 08:00,UK,507),,BOE's Alex Brazier speaks in London
05/17/2019,UK,508),,United Kingdom Sovereign Debt to be rated by Moody's
05/20/2019 12:30,UK,509),,BOE's Ben Broadbent speaks in London
05/23/2019 01:00,UK,510),,European Parliament Elections
05/30/2019 03:30,UK,511),,"BOE's Dave Ramsden speaks in Inverness, Scotland"
06/05/2019 03:45,UK,512),,BOE's Dave Ramsden Speaks in London
06/06/2019 05:00,UK,513),,BOE Governor Mark Carney Speaks in Tokyo
06/07/2019,UK,514),,Theresa May Steps Down as U.K. Conservative Party Leader
06/08/2019 06/09,UK,515),,Chancellor Philip Hammond attends G20 Finance Meeting in Japan
06/10/2019 05:30,UK,516),,BOE's Haldane speaks in London.
06/10/2019 13:00,UK,517),,BOE's Saunders speaks in Southampton.
06/10/2019,UK,518),,U.K. Conservative Party Begins Contest to Choose New Leader
06/11/2019 05:00,UK,519),,"BOE's Saunders, Broadbent speak in Parliament."
06/13/2019,UK,520),,Conservative Party leadership ballot to narrow down candidates
06/14/2019 08:55,UK,521),,BOE Governor Mark Carney speaks in London.
06/14/2019,UK,522),,United Kingdom Sovereign Debt to be rated by DBRS
06/18/2019,UK,523),,Conservative Party leadership ballot to narrow down candidates
06/19/2019,UK,524),,Conservative Party leadership ballot to narrow down candidates
06/20/2019,UK,525),,Conservative Party leadership ballot to narrow down candidates
06/21/2019 08:30,UK,526),,BOE's Tenreyro Speaks in Copenhagen
06/26/2019 05:15,UK,527),,"BOE's Carney, Cunliffe, Tenreyro and Saunders Speak"
07/02/2019 10:05,UK,528),,BOE's Carney Speaks in Bournemouth.
07/03/2019 06:00,PO,529),,BOE's Cunliffe Speaks in Lisbon.
07/03/2019 08:15,UK,530),,BOE's Broadbent speaks in London.
07/10/2019 13:10,UK,531),,BOE's Tenreyro speaks in London
07/11/2019 05:30,UK,532),,BOE publishes Financial Stability Report.
07/11/2019 06:00,UK,533),,BOE Governor Carney speaks at press conference
07/12/2019 04:00,UK,534),,BOE's Vlieghe speaks in London.
07/16/2019 08:00,UK,535),,BOE's Carney speaks on panel in Paris.
07/17/2019 06:30,UK,536),,"G-7 Finance Officials Meet in Chantilly, France"
07/18/2019 06:30,UK,537),,"G-7 Finance Officials Meet in Chantilly, France"
07/22/2019 07/28,UK,538),,Conservatives to name new Prime Minister after party vote
08/01/2019 07:30,UK,539),,BOE's Carney speaks at press conference in London
08/23/2019 15:00,UK,540),,BOE's Carney Speaks at Jackson Hole
08/27/2019 08:00,UK,541),,"ECB's De Guindos, BOE's Tenreyro Speak on Monetary Policy"
09/04/2019 09:15,UK,542),,"BOE's Carney, Haldane, Haskel and Vlieghe Speak in Parliament"
09/05/2019 10:30,EC,543),,BOE's Tenreyro Speaks in Frankfurt
09/09/2019 04:00,UK,544),,BOE's Vlieghe Speaks in London
09/09/2019,UK,545),,U.K. Lawmakers Vote Again on Early General Election
09/19/2019 05:00,EC,546),,OECD Publishes Interim Economic Outlook
09/23/2019 05:15,UK,547),,BOE's Tenreyro Speaks at ECB Conference in Frankfurt
09/25/2019 09:05,UK,548),,BOE Governor Carney Moderates Climate Change Panel
09/25/2019 11:15,UK,549),,BOE Governor Carney Speaks on Climate Risk Panel in New York
09/26/2019 09:45,EC,550),,BOE Deputy Governor Cunliffe Speaks in Frankfurt
09/27/2019 03:00,UK,551),,BOE's Saunders Speaks in Barnsley
10/03/2019 10:00,UK,552),,BOE's Tenreyro Speaks on Panel in Washington
10/08/2019 00:00,UK,553),,BOE's Carney Speaks on Climate Change in Tokyo
10/08/2019 05:30,UK,554),,BOE's Tenreyro Speaks on Panel in Frankfurt
10/14/2019 08:10,UK,555),,BOE's Cunliffe Speaks on Monetary Policy in London
10/15/2019 04:30,UK,556),,BOE Governor Mark Carney Speaks In Parliamentary Testimony
10/15/2019 08:30,UK,557),,BOE's Vlieghe Speaks on Monetary Policy in London
10/16/2019 10:00,UK,558),,BOE's Carney Takes Part in Panel Discussion at IMF Event
10/16/2019 18:00,UK,559),,BOE's Carney Speaks at Event at Harvard Kennedy School
10/18/2019 13:45,UK,560),,BOE Governor Carney Speaks in Washington
10/18/2019 17:15,UK,561),,BOE's Cunliffe Speaks on Panel in Washington
10/18/2019,UK,562),,United Kingdom Sovereign Debt to be rated by Fitch
10/21/2019 11:00,UK,563),,BOE's Haldane Speaks on Diversity in Frankfurt
10/25/2019,UK,564),,United Kingdom Sovereign Debt to be rated by S&P
10/28/2019 13:00,UK,565),,BOE's Tenreyro speaks in London.
10/29/2019 14:00,UK,566),,Carney Speaks at CFA Institute 2019 Annual Conference:
11/04/2019 09:30,UK,567),,U.K. House of Commons holds election for new speaker
11/07/2019 07:30,UK,568),,BOE's Carney speaks at press conference in London
11/08/2019,UK,569),,United Kingdom Sovereign Debt to be rated by Moody's
11/14/2019 04:45,EC,570),,ECB's Guindos Speaks in London
11/25/2019 13:00,EC,571),,ECB's Lane Speaks in London
12/12/2019,UK,572),,U.K. General Election
12/13/2019,UK,573),,United Kingdom Sovereign Debt to be rated by DBRS
12/16/2019 04:30,UK,574),,Office for Budget Responsibility publishes new forecasts
12/16/2019 12:00,UK,575),,"BOE Publishes Financial Stability Report, Stress Tests"
12/16/2019 12:30,UK,576),,BOE's Carney Speaks at FSR Press Conference in London
12/17/2019 14:15,UK,577),,BOE's Carney Speaks at Coeure's Farewell Dinner
12/18/2019 05:00,UK,578),,Bank of England Publishes Paper on Climate Risks
12/20/2019 06:00,UK,579),,BOE's Haskel Speaks in London
01/05/2020 05:15,UK,580),,BOE's Broadbent Speaks on Panel in San Diego
01/07/2020,UK,581),,Parliament Returns From Recess
01/08/2020 05:30,UK,582),,BOE's Haldane Speaks on U.K. Regional Inequality in Amsterdam
01/09/2020 04:30,UK,583),,BOE Governor Carney Speaks in London
01/10/2020 04:30,UK,584),,BOE's Tenreyro Speaks on the Labor Market Outlook in London
01/15/2020 03:40,UK,585),,"BOE's Saunders Speaks in Bangor, Northern Ireland"
01/21/2020 10:00,UK,586),,BOE Governor Carney Speaks on Panel at Davos
01/22/2020 02:40,UK,587),,BOE's Carney Speaks at Bloomberg Climate Forum in Davos
01/24/2020 04:30,UK,588),,BOE Policy Maker Jonathan Haskel Speaks on Panel in Davos
01/24/2020 05:30,EC,589),,"WEF: Lagarde, Zhu, Mnuchin, Scholz, Georgieva, Kuroda, Javid"
01/30/2020 07:30,UK,590),,BOE's Carney speaks at press conference in London
02/11/2020 06:30,UK,591),,BOE's Jon Cunliffe speaks in Berlin
02/11/2020 10:35,UK,592),,BOE Governor Carney Speaks Before Lords Committee
02/11/2020 12:00,UK,593),,BOE Policy Maker Haskel Speaks in Nottingham
02/21/2020 13:30,UK,594),,BOE's Tenreyro Speaks on Panel in New York
02/24/2020 13:30,UK,595),,BOE Chief Economist Haldane Speaks in London
02/27/2020 05:30,UK,596),,BOE's Cunliffe Speaks on a Panel in London
02/28/2020 06:15,UK,597),,BOE Chief Economist Haldane Speaks in Oxford
02/28/2020 11:15,UK,598),,BOE's Cunliffe speaks in London.
03/04/2020 13:00,UK,599),,Bank of England Deputy Governor Ben Broadbent Speaks in London
03/05/2020 12:00,UK,600),,BOE's Carney Speaks in London.
03/11/2020 08:30,UK,601),,U.K. Government Announces 2020 Budget
03/27/2020,UK,602),,United Kingdom Sovereign Debt to be rated by Fitch
04/16/2020 09:30,UK,603),,BOE's Tenreyro Speaks on Monetary Policy During Pandemics
04/17/2020,UK,604),,United Kingdom Sovereign Debt to be rated by Moody's
04/20/2020 04:30,UK,605),,BOE's Haldane and Broadbent hold briefing.
04/23/2020 05:30,UK,606),,BOE's Vlieghe Speaks on Policy and the Balance Sheet
04/24/2020,UK,607),,United Kingdom Sovereign Debt to be rated by S&P
05/07/2020 05:00,UK,608),,BOE Publishes Briefing With Governor Bailey
05/11/2020 08:00,UK,609),,BOE's Breeden Speaks on Webinar
05/14/2020 06:30,UK,610),,BOE Governor Bailey Speaks on Webinar
05/18/2020 11:00,UK,611),,BOE's Tenreyro Speaks About Covid-19 Response on Webinar
05/20/2020 09:30,UK,612),,"BOE's Bailey, Broadbent, Cunliffe Speak at Treasury Committee"
05/26/2020 05:00,UK,613),,BOE's Haldane Speaks on CBI Webinar
05/28/2020 06:00,UK,614),,BOE's Saunders speaks.
06/12/2020,UK,615),,United Kingdom Sovereign Debt to be rated by DBRS
06/18/2020 09:00,UK,616),,"BOE's Broadbent, Tenreyro, Speak on Virtual Panel"
06/23/2020 04:45,UK,617),,BOE Governor Bailey Speaks at Women in Finance Event
06/25/2020 13:00,UK,618),,BOE's Haldane Speaks on the Future of Society
06/29/2020 05:30,UK,619),,"BOE's Bailey, Breeden Speak at Climate Financial Risk Forum"
06/29/2020 05:30,UK,620),,BOE Governor Andrew Bailey Speaks at Climate Finance Event
06/29/2020 08:30,UK,621),,"BOE's Vlieghe Speaks on Macroeconomic Tail Risk, Asset Prices"
06/30/2020 06:00,UK,622),,BOE Chief Economist Andrew Haldane Speaks in Webinar
06/30/2020 10:00,UK,623),,BOE's Cunliffe Speaks on Central Banking in the Covid-19 Age
07/01/2020 07:00,UK,624),,BOE Policy Maker Haskel Speaks on Webinar
07/07/2020 13:00,UK,625),,BOE's Haldane Speaks on Webcast
07/08/2020 07:30,UK,626),,U.K. Chancellor Sunak Delivers Statement on Economy
07/13/2020 09:00,UK,627),,BOE Governor Bailey Speaks at Virtual Schools Event
07/13/2020 11:30,UK,628),,BOE Governor Bailey Speaks on Libor
07/15/2020 04:00,UK,629),,BOE's Tenreyro Speaks on Covid-19 and the Economy
07/15/2020 09:30,UK,630),,U.K. Chancellor Sunak Appears Before Treasury Committee
07/16/2020 07:15,UK,631),,BOE Governor Bailey Speaks on Financial Education
07/17/2020 06:00,UK,632),,BOE Governor Bailey Speaks on Webinar
07/20/2020 11:10,UK,633),,BOE's Haldane and Tenreyro Speak at Re-Appointment Hearings
07/23/2020 07:00,UK,634),,BOE's Haskel Speaks the Economic Effects of Covid-19
08/26/2020 12:00,UK,635),,BOE's Haldane speaks in Edinburgh.
08/28/2020 09:05,UK,636),,BOE Governor Bailey Speaks at Jackson Hole Symposium
09/01/2020 05:30,UK,637),,Publication of the new Bank of England Agenda for Research
09/02/2020 09:00,UK,638),,"BOE's Bailey, Ramsden and Vlieghe Speak at TSC"
09/02/2020 10:30,UK,639),,BOE's Broadbent and Haldane Speak
09/03/2020 10:00,UK,640),,BOE's Bailey Speaks on Cryptocurrencies
09/03/2020 10:00,UK,641),,BOE's Ramsden Speaks at Conference
09/04/2020 05:30,UK,642),,BOE's Saunders Speaks
09/07/2020 10:15,UK,643),,BOE's Haskel Speaks at a European Commission Event
09/22/2020 03:30,UK,644),,BOE's Bailey Speaks on BCC Webinar
09/24/2020 10:00,UK,645),,BOE's Bailey Speaks at Chamber of Commerce Event
09/24/2020,UK,646),,U.K.s Sunak Delivers Statement on Job Protection
09/25/2020,UK,647),,United Kingdom Sovereign Debt to be rated by Fitch
10/05/2020 04:30,UK,648),,BOE's Haldane speaks.
10/05/2020 09:25,UK,649),,BOE's Haskel speaks.
10/09/2020 10:30,UK,650),,BOE's Haldane Speaks at OECD Conference
10/12/2020 10:00,UK,651),,BOE's Haskel Speaks at Online Event
10/12/2020 12:00,UK,652),,BOE's Bailey Speaks on Panel
10/14/2020 09:30,UK,653),,BOE's Broadbent Speaks at Public Accounts Committee
10/14/2020 12:00,UK,654),,BOE's Haldane Speaks
10/15/2020 09:00,UK,655),,BOE's Cunliffe Speaks
10/16/2020,UK,656),,United Kingdom Sovereign Debt to be rated by Moody's
10/18/2020 09:05,UK,657),,BOE's Bailey Speaks at G30 International Banking Seminar
10/19/2020 09:30,UK,658),,"BOE's Broadbent, John Speak on Cash"
10/19/2020 10:05,UK,659),,BOE's Cunliffe Speaks at Fintech Event
10/19/2020 11:00,UK,660),,BOE's Cunliffe Speaks at IMF Events on Cross-Border Payments
10/20/2020 05:30,UK,661),,BOE's Vlieghe Speaks on Health of the Economy
10/21/2020 08:10,UK,662),,BOE's Ramsden Speaks at SPE Event
10/22/2020 04:30,UK,663),,BOE's Haldane Speaks at Macroeconomics Conference
10/22/2020 05:25,UK,664),,BOE's Bailey Speaks at Conference
10/23/2020 10:00,UK,665),,BOE's Ramsden Chairs Event on Financial Stability
10/23/2020,UK,666),,United Kingdom Sovereign Debt to be rated by S&P
11/06/2020 07:15,UK,667),,"BOE's Broadbent, Ramsden Speak About Monetary Policy Report"
11/09/2020 05:35,UK,668),,BOE Governor Andrew Bailey speaks.
11/09/2020 09:00,UK,669),,BOE's Andy Haldane speaks.
11/12/2020 03:00,UK,670),,BOE Governor Andrew Bailey Speaks
11/12/2020 11:00,UK,671),,BOE Deputy Governor Cunliffe Speaks
11/12/2020 11:45,EC,672),,"ECB's Lagarde, BOE's Bailey, Fed's Powell Speak at ECB Forum"
11/13/2020 08:00,UK,673),,BOE Deputy Governor Cunliffe Speaks
11/13/2020 09:00,UK,674),,BOE's Silvana Tenreyro Speaks
11/16/2020 12:30,UK,675),,BOE's Haskel Speaks on AI Technologies
11/17/2020 06:15,UK,676),,BOE Governor Andrew Bailey Speaks
11/17/2020 12:00,UK,677),,BOE's Dave Ramsden Speaks
11/18/2020 05:30,UK,678),,BOE's Andy Haldane Speaks
11/18/2020 11:30,UK,679),,BOE Governor Bailey Speaks
11/23/2020 10:30,UK,680),,"BOE's Bailey, Haldane, Tenreyro, Saunders Speak"
11/24/2020 06:00,UK,681),,BOE's Haskel Speaks on Panel
11/30/2020 09:30,UK,682),,BOE's Tenreyro Speaks
12/01/2020 09:00,UK,683),,BOE Governor Bailey Speaks on Panel
12/02/2020 13:00,UK,684),,BOE's Haskel speaks.
12/04/2020 04:30,UK,685),,BOE's Saunders Speaks
12/04/2020 08:45,UK,686),,BOE's Tenreyro Speaks on Webinar
12/11/2020 02:00,UK,687),,BOE Publishes Financial Stability Report
12/11/2020,UK,688),,United Kingdom Sovereign Debt to be rated by DBRS
01/06/2021 09:00,UK,689),,BOE's Bailey Speaks at Parliament Committee on FSR
01/11/2021 09:00,UK,690),,BOE's Tenreyo Speaks at UWE Bristol Event
01/12/2021 05:00,UK,691),,BOE's Broadbent Speaks on Covid and Spending
01/15/2021,UK,692),,United Kingdom Sovereign Debt to be rated by Fitch
01/18/2021 08:30,UK,693),,BOE Governor Bailey Speaks With Lord Stern on Climate
01/19/2021 13:00,UK,694),,BOE's Haldane In Conversation With Lord Rusbridger
01/20/2021 12:00,UK,695),,BOE's Bailey and Brazier Take Question From Citizens' Panel
01/25/2021 12:00,UK,696),,BOE's Bailey Speaks at World Economic Forum Event
02/05/2021 07:15,UK,697),,"BOE's Bailey, Ramsden and Haldane speak."
02/05/2021 08:30,UK,698),,"BOE's Bailey, ECB's Guindos Speak on Post Covid Recovery"
02/10/2021 08:00,EC,699),,ECB's Lagarde Speaks at Online Seminar
02/17/2021 11:00,UK,700),,BOE's Ramsden Speaks on Quantitative Easing
02/18/2021 06:00,UK,701),,BOE's Saunders Speaks on Webinar
02/18/2021 07:00,UK,702),,Bank of England's Vlieghe Speaks
02/22/2021 13:00,UK,703),,BOE's Vlieghe Delivers Pre-Published Speech
02/24/2021 07:00,UK,704),,BOE's Haldane Speaks at BOE Seminar on Changing World of Work
02/24/2021 09:30,UK,705),,"BOE's Bailey, Broadbent, Vlieghe and Haskel Speak"
02/26/2021 06:00,UK,706),,BOE's Haldane Delivers Recorded Speech on Inflation
02/26/2021 07:30,UK,707),,BOE's Ramsden Speaks on Bank Resolution
03/03/2021 11:00,UK,708),,BOE's Tenreyro Speaks on Negative Rate Policies
03/05/2021 09:00,UK,709),,BOE's Haskel Speaks on a Panel
03/08/2021 05:00,UK,710),,BOE Governor Bailey Speaks on Economic Outlook
03/18/2021 07:00,UK,711),,BOE's Cunliffe Speaks at BIS Event
03/18/2021 08:30,UK,712),,BOE's Haldane Speaks at Women In Finance Awards
03/19/2021 09:00,UK,713),,BOE's Cunliffe Speaks at BIS Event
03/23/2021 04:40,UK,714),,BOE's Haldane Speaks on Panel
03/23/2021 05:55,UK,715),,BOE's Cunliffe Speaks on BIS Panel
03/23/2021 07:50,UK,716),,BOE Governor Bailey Speaks on Net Zero Panel
03/25/2021 03:00,UK,717),,BOE's Bailey Speaks at Banknote Unveiling
03/25/2021 05:30,UK,718),,BOE Governor Bailey Speaks on Central Bank Innovation
03/25/2021 06:00,UK,719),,BOE's Bailey Speaks on Virtual Q&A
03/26/2021 05:00,UK,720),,Bank of England Publishes Financial Policy Summary and Record
03/26/2021 08:00,UK,721),,BOE's Saunders Speaks on Webinar
03/26/2021 12:45,UK,722),,BOE's Tenreyro Speaks at San Francisco Fed Conference
04/12/2021 09:00,UK,723),,BOE's Tenreyro Speaks on Webinar
04/14/2021 10:30,UK,724),,BOE's Haskel Speaks on Webinar
04/16/2021 05:00,UK,725),,BOE's Woods Speaks on Webinar
04/16/2021,UK,726),,United Kingdom Sovereign Debt to be rated by Moody's
04/21/2021 04:05,UK,727),,BOE's Ramsden Speaks on Webinar
04/21/2021 06:30,UK,728),,BOE's Bailey Speaks at Diversity Event
04/23/2021,UK,729),,United Kingdom Sovereign Debt to be rated by S&P
05/07/2021 07:15,UK,730),,"BOE's Broadbent, Haldane Speak at Briefing"
05/11/2021 10:30,UK,731),,BOE Governor Bailey Speaks on Libor
05/12/2021 10:00,UK,732),,BOE Governor Bailey Speaks at ISDA Event
05/13/2021 08:00,UK,733),,BOE's Cunliffe Speaks on Digital Currencies
05/13/2021 12:00,UK,734),,"BOE's Bailey, Breeden Speak on Citizens' Panel"
05/17/2021 10:15,UK,735),,BOE's Tenreyro speaks.
05/17/2021 11:30,UK,736),,BOE's Vlieghe speaks.
05/17/2021 12:30,UK,737),,BOE's Haldane speaks.
05/18/2021 10:00,UK,738),,"BOE's Bailey, Broadbent and Ramsden speak."
05/20/2021 05:05,UK,739),,BOE's Cunliffe speaks.
05/21/2021 04:30,UK,740),,BOE's Hauser speaks
05/24/2021 10:30,UK,741),,"BOE's Bailey, Cunliffe, Haldane and Saunders address lawmakers"
05/25/2021 12:00,UK,742),,BOE's Tenreyro speaks.
05/27/2021 07:00,UK,743),,BOE's Vlieghe speaks
06/01/2021 11:00,UK,744),,BOE's Bailey speaks.
06/03/2021 12:00,UK,745),,BOE's Bailey speaks
06/18/2021,UK,746),,United Kingdom Sovereign Debt to be rated by Fitch
07/09/2021 06:00,UK,747),,BOE's Bailey speaks on panel with ECB's Lagarde
07/13/2021 02:00,UK,748),,BOE Publishes Financial Stability Report
07/13/2021 03:30,UK,749),,BOE's Bailey Speaks After Financial Stability Report
09/05/2021 19:10,UK,750),,BOE's Mann Speaks
09/07/2021 01:10,UK,751),,BOE's Mann Speaks
09/07/2021 03:30,UK,752),,BOE's Saunders Speaks
09/08/2021 11:00,UK,753),,"BOE's Bailey, Broadbent, Ramsden, Tenreyro and Hall Speak"
09/09/2021 07:00,FR,754),,Group of Seven finance ministers conference call
09/17/2021 08:00,UK,755),,BOE's Bailey on IMF panel about investment funds and stability
09/21/2021 05:00,EC,756),,OECD Publishes Interim Economic Outlook
10/13/2021 09:30,UK,757),,BOE's Cunliffe Speaks.
10/14/2021 10:40,UK,758),,BOE's Mann speaks.
10/15/2021,UK,759),,United Kingdom Sovereign Debt to be rated by Moody's
10/16/2021 09:00,US,760),,BOE's Andrew Bailey and PBOC's Yi Gang speak on panel
10/22/2021,UK,761),,United Kingdom Sovereign Debt to be rated by S&P
11/01/2021 07:00,UK,762),,U.K. OBR chiefs testify
11/01/2021 11:15,UK,763),,U.K. Chancellor of the Exchequer Rishi Sunak testifies
11/02/2021 11:00,UK,764),,U.K.'s Sunak testifies on budget
11/04/2021 08:30,UK,765),,BOE's Bailey speaks at press conference.
11/04/2021 13:50,UK,766),,BOE's Cunliffe speaks.
11/05/2021 08:15,UK,767),,"BOE's Ramsden, Pill speak."
11/05/2021 09:00,UK,768),,BOE policy maker Silvana Tenreyro in panel discussion
11/16/2021,US,769),,G-7 Finance Ministers Hold Virtual Meeting
11/23/2021 06:00,UK,770),,BOE's Haskel speaks on `high inflation now and then'
11/23/2021 10:00,UK,771),,"BOE's Bailey, Cunliffe at House of Lords"
11/24/2021 09:30,UK,772),,BOE's Tenreyro speaks at Oxford Economics Society
11/25/2021 09:05,UK,773),,BOE's Haskel gives introductory remarks at BOE/Niesr workshop
11/25/2021 12:30,UK,774),,BOE Governor Andrew Bailey speaks at Cambridge Union event
11/26/2021 08:00,UK,775),,Bank of England's Huw Pill speaks to CBI on economic outlook
11/30/2021 08:00,UK,776),,BOE's Mann speaks at event with Barclays
12/01/2021 09:00,UK,777),,BOE's Bailey speaks on insurance regulation
12/03/2021 06:00,UK,778),,BOE's Saunders speaks.
12/10/2021,UK,779),,United Kingdom Sovereign Debt to be rated by Fitch
01/28/2022 04:30,UK,780),,Inflation by household income
